,Queries
0,what is the normal appearance of the dengue virus?
1,What are the symptoms of astigmatism?
2,What is the last thing you would want to do?
3,When are signs and symptoms of ocular rosacea?
4,what are the symptoms of a listeria infection?
5,What is the cause of ingrown hair?
6,What can be seen in a child that is less than 5 years old?
7,Which can happen if i dont sleep?
8,what symptoms does eye melanoma sometimes show up with?
9,What causes a loud grinding sound?
10,What causes low sperm count in men?
11,What are the symptoms of a swelling ingrown toenail?
12,What are some symptoms of schizophrenia?
13,What are the most common symptoms of a rectovaginal fistula?
14,Where can you get hives?
15,What are the symptoms of a folliculitis?
16,What is the main symptom of cholestasis of pregnancy?
17,Which disease does not cause slow motor development?
18,What is the reason for squinting when viewing a mirror?
19,What are some common symptoms of dysphagia?
20,Which two are the main symptoms of albinism?
21,What are the symptoms and signs of klinefelter syndrome?
22,Which of the four main types of diabetic neuropathy has the most common symptom?
23,What are some symptoms that can be indicative of lead poisoning?
24,How can ovarian cysts cause pain?
25,What does the second sign of intussusception usually involve?
26,What are the symptoms of facial paralysis?
27,What is the first symptom of a popliteal artery aneurysm?
28,What is one of the symptoms of Type 2 diabetes in children?
29,How many days did this happen to me?
30,How many colors are there in the eye?
31,What are the causes of pain in the lower back?
32,what are the symptoms of a bunion?
33,When can hypogonadism develop in men?
34,What is the term for difficulty in swallowing?
35,What are some signs and symptoms of encopresis?
36,What is the condition known as that causes nausea?
37,what are some of the signs and symptoms of bruxism?
38,what are the symptoms of cold urticaria?
39,What part of the body is a growth plate fracture?
40,What are the symptoms of a deviated septum?
41,What are the symptoms of a rash on the hands?
42,what do we need to know before attelectasis is diagnosed?
43,How do you know if you have a popliteal artery aneurysm?
44,what are the symptoms of pediatric sleep apnea?
45,what is the common sign of spinal stenosis
46,who has a broken nose?
47,Which syndrome is known as triple X syndrome?
48,What are the symptoms of chronic hives?
49,What is the typical time span for the development of symptoms of epiglottitis?
50,What are the symptoms of long term exposure to asbestos?
51,What can increase the pain?
52,"Who does the word ""abuser"" refer to?"
53,How can you tell if you are albinic?
54,What are some symptoms of pediatric sleep apnea?
55,What is the first symptom that should be looked for in infants with reflux?
56,what are signs and symptoms of encopresis?
57,What is the most common sign of hydrocele?
58,what can cause blood in your urine?
